detected_label,img_id
9ZH247640,P1010002.jpg
3ZH247640,P1010002.jpg
BAGKXH75,P1010003.jpg
CEOOO,P1010005.jpg
LJ465H2,P6040007.jpg
EESBESF,P6040007.jpg
7G68297,P6040015.jpg
Z2G8297,P6040015.jpg
OTEEE,P6040019.jpg
RI373K1,P6040020.jpg
WOUSS,P6040026.jpg
7ATARAN,P6040041.jpg
ISW8771AE,P6040048.jpg
BWV21337S,P6040051.jpg
KA127CO,P6040055.jpg
O888888832,P6040057.jpg
EEEEE,P6040059.jpg
PU2531B,P6040061.jpg
2626839A1,P6040066.jpg
2G9576AA,P6070015.jpg
AICSMM147,P6070021.jpg
GS971A,P6070023.jpg
IVACOAC,P6070024.jpg
7622462AF,P6070024.jpg
RENAULT4GTL,P6070026.jpg
WIL111AT,P6070028.jpg
1569AD,P6070038.jpg
NIALLASQATIT110,P6070043.jpg
HHR856,P6070055.jpg
BSEW742,P6070057.jpg
4891T051,P6070058.jpg
7627499AJ,P6070059.jpg
M7G37T,P6070083.jpg
FBSRE182,P6070095.jpg
Z2G1036AG,P6070098.jpg
WV5160L,P6070101.jpg
SB2798AM,Pa140011.jpg
7G371AK,Pa140018.jpg
262689676,Pa140030.jpg
TZ2UF,Pa140031.jpg
1G6633GS,Pa140031.jpg
SK2152BL,Pa140043.jpg
763254D,P9170008.jpg
BBATRAP,P9170008.jpg
SCORPIO,P9170010.jpg
7G6223E,P9170021.jpg
2273F,P9170021.jpg
Z2G62416PZ,P9170022.jpg
SSK553AL,P9170023.jpg
0JOOUAE,P9170026.jpg
PAUTOKUCA4,P9170031.jpg
042401,P9170032.jpg
VOLKSWAGEN,P9170032.jpg
HORVAT,P9170033.jpg
4MITSUBISHICOUT7,P9170033.jpg
7G1041P,P9170037.jpg
76414BV,P9170039.jpg
K8948M0,P9170047.jpg
G822SKD,P9170051.jpg
WV78512C,P9170054.jpg
76484LD,P9180011.jpg
264932S,P9180020.jpg
7G629771T,P9180025.jpg
ESTCT,P9180029.jpg
AWWS17,P9180032.jpg
7G28557AA,P9180034.jpg
7G69039L,P9180035.jpg
7G675031AE,P9180040.jpg
7G625031AE,P9180040.jpg
66CLUDS,P9180040.jpg
ZURII,P9180041.jpg
7G687NL,P9190063.jpg
S160BB,P1010006.jpg
7D454BO,P1010011.jpg
2G64910A,P1010019.jpg
KK9H5122,P1010021.jpg
L1G2QAQ1K,P1010026.jpg
ZG2424RI,P1010040.jpg
PORRETIES,P1010044.jpg
S2582AM,P1010049.jpg
S12582AM,P1010049.jpg
VT2769,P5280005.jpg
IMERCEGESSENZ,P5280009.jpg
PU658E,P5280010.jpg
SULCUS,P5280013.jpg
7G128VJ,P5280016.jpg
262128VJ,P5280016.jpg
13ESOT,P5280016.jpg
0DOLT,P5280018.jpg
IARAPILE,P5280018.jpg
COEEE,P5280031.jpg
HABIAENSETSTL,P5280033.jpg
UVESVER,P5280042.jpg
262093PZ,P5280044.jpg
BREHS,P5280046.jpg
ZG21908AA,P5280054.jpg
7G62710KS,P5280055.jpg
262424B,P5280056.jpg
7G622424B,P5280056.jpg
RI21201AR,P5280079.jpg
T0QAOPB,P5280084.jpg
SK2646CA,P5280088.jpg
F2FU1664,P5280093.jpg
VECTRA,P5280111.jpg
762692MZ,P5280113.jpg
AZD601JJ,P5280116.jpg
